app.bsky.actor.profile/self	bafyreia3zwwmogntyn7zhsr6kyzvelma2l77axbldfja6jwcqbjq5e5tj4
app.bsky.feed.like/3lqdkdjpy6t2e	bafyreigmpffgbpgzfhvml36cecdcz7cn2v7kde2ar7ib4jgol7grj4jyly
app.bsky.feed.like/3lrtfauocr722	bafyreidc3d3q7ddtrdnoc52t5lfzmpu7rp2yvhynwdna27f5etlz3pzu4e
app.bsky.feed.like/3lsyfcwyams2x	bafyreigr42szav77jmphd52ku6fqxq3vxqzcqmix53hqiklw33b4otwmdy
app.bsky.feed.like/3ltih5567ga2o	bafyreiac6lx3x57j7iz6ky5c26ot4opf5qz2525u4pgnob5rjaym5vstyy
app.bsky.feed.like/3lu44m2hrze2o	bafyreib3q4cxabhoiuryanlmlszwojmxejubj6xjtkyjb34qx5n7rurjb4
app.bsky.feed.like/3lu44m63ier2o	bafyreicvzey3zf35ycctgpx42tpezihakq5lqackfjggtmnzo3obmepxcq
app.bsky.feed.like/3lu44mb2dnm2l	bafyreiaebkgbfbjglftyzjqkmrs6646agkwnij6kdvd2ybpwryooabzsqi
app.bsky.feed.like/3ly3p3ucdys23	bafyreidbp5ukhwbe5d7fvyd5pmbelkelchnn3vcssmcditfvjw2hrcn63y
app.bsky.feed.like/3m7x3r6ba6c2f	bafyreiaiuscswjqnvkccnzjd3nvuekqp6d4xoexj3tzzgb27q3mxxquibu
app.bsky.feed.like/3migo7fia5y2k	bafyreigpokdrfueqwktlyvjattxf5pxuowrh2xxtq5lxqk2xd5y74ccopm
app.bsky.feed.post/3lqcnvhqk622d	bafyreia6dvxmf6vnz6novba2cu24rbbbn7x4qelt7valzz32xngvep5lem
app.bsky.feed.post/3lqcoskkx7c2y	bafyreif2w253drzt5qxjytssmvhv4vyaw6525qpvntxc2zezku52scejle
app.bsky.feed.post/3lsbqxwblik2d	bafyreidpwtz35ccugsxi5onzz5xlfpxskuourbppxlcsuxwa235nopf244
app.bsky.feed.post/3ly3oz7vwhc2u	bafyreicvnahnm4ckdevcakjqfsgbtsjqd4dlp7am5inmaullm2ysrk72me
app.bsky.feed.post/3ly3qkmcavs2u	bafyreiho5av5xrcw3qdhrxjf6m46whqzcmirc5uco2copnps7wa6jvh7ey
app.bsky.feed.post/3m2a2fwazy22o	bafyreiaqlvgz3ls6bwndbb6k2j7kyri45obdtwrbru2z6myoxlihyegmpe
app.bsky.feed.repost/3lqj2nsh6py2p	bafyreicdahtqissahjzgnysa6b24ovs5cmzjuuneyjaemc5pkivzqhagrm
app.bsky.feed.repost/3ltinfnevu723	bafyreigifgfqpenfkvytrrsr6id2a7w5rwgqo45iztewffojdvp3jbzdyq
app.bsky.feed.repost/3migo6e53jv26	bafyreiaylislwyxvtzyxlmffltv6nupbsuaumu2afg5ck53gocetbmikha
app.bsky.graph.follow/3lqcnlemwy22g	bafyreif5fih53362lvvg4xjtsynvyzlksbhrufhqfqg2ksnhvhytgt6pcu
app.bsky.graph.follow/3lscb3lr5h72x	bafyreia47eepae5hfyyknz5seh6o4pgrw4z47mi2bxbyaiuim4f5dxfy7u
app.bsky.graph.follow/3ltfoymdvmc2l	bafyreicz6orysidbjauemqk27iix3u3vsvkylhuib4vxzsv7aiyqfn2oya
